"hour.of.day";"rates"
0;14.0245738158224
1;11.8106839510569
2;10.2469543241489
3;9.71963045871707
4;9.57897608364753
5;10.3321368445077
6;12.8083807044711
7;17.8671986589241
8;23.4332619582622
9;26.6126058546401
10;27.3817783228193
11;27.716653542804
12;28.6889129064103
13;29.470481292087
14;29.178295567935
15;28.7317335655553
16;29.1300774551982
17;29.7042713199382
18;28.9839968769306
19;28.1625117657855
20;27.4437363079401
21;26.3193726653929
22;23.2131139790122
23;18.5382977084197
